Analysis,diff2_acf1,time_kl_shift,fluctanal_prop_r1,motiftwo_entro3,avg_rR45CO244CO2,sd_rR45CO244CO2,avg_rR46CO244CO2,avg_R45CO244CO2,sd_R45CO244CO2,avg_rd45CO244CO2,sd_rd45CO244CO2,avg_d45CO244CO2,sd_d45CO244CO2,avg_R13C12C,sd_R13C12C,avg_d13C12C,sd_d13C12C,sd_d18O13C,biotic,pred
2962,0.709178032312145,133,0.469387755102041,0.55107658634389,1.18001923222222,0.000153830799694667,1.41185914233333,0.0118597222222222,1.54623153002567e-06,26.3243235266667,0.13379470872799,-10.4406709144444,0.129001914243149,0.0110577675555556,1.55510032723876e-06,-10.9508220488889,0.139097554681207,0.00983973832132181,biotic,biotic
2963,0.73486654454544,133,0.408163265306122,0.552896784080831,1.178937144,1.36176846600294e-05,1.41103165833333,0.0118485856666667,1.36949808323817e-07,25.3605674277778,0.0118437058634695,-11.3699033355556,0.0114194387498075,0.0110469133333333,1.32602790317273e-07,-11.9216775244444,0.0118441230815232,0.0027731752379434,biotic,biotic
2965,0.724102624375132,133,0.408163265306122,0.55107658634389,1.17691026244444,0.000133119674146177,1.41445804344444,0.0118314116666667,1.33801550813121e-06,23.8743522766667,0.115809872048539,-12.80287928,0.111661331393545,0.0110285252222222,1.3278397661031e-06,-13.5663817422222,0.11876739443686,0.00300630259428243,biotic,biotic
2966,0.702315074583893,133,0.489795918367347,0.550345812791181,1.17990736622222,0.000179086497610607,1.412252579,0.0118581355555556,1.79987423943375e-06,26.1870049733333,0.155754771794891,-10.5730704433333,0.150175324549754,0.0110561171111111,1.79598736385071e-06,-11.0984557555556,0.160639826271905,0.00784079793026922,biotic,biotic
2970,0.721650577790355,133,0.408163265306122,0.551441394903152,1.17719942155556,0.00014283270403967,1.41518792155556,0.0118313226666667,1.43548833154412e-06,23.86666205,0.124228404881023,-12.8102940277778,0.119778294170857,0.0110284884444444,1.43225400253508e-06,-13.5696767455556,0.12811261618581,0.00342020771772899,biotic,abiotic
2972,0.737090783737752,4038,0.408163265306122,0.553259672181557,1.17888736666667,2.7251655179069e-05,1.41095177,0.0118511665555556,2.73927960927173e-07,25.5839049155556,0.0237077495592658,-11.1545662444444,0.0228584927399876,0.0110493507777778,2.67767519397634e-07,-11.7036672,0.0239543274529197,0.00204483195814441,biotic,biotic
2973,0.724197533467077,133,0.408163265306122,0.552169857673616,1.176757149,0.000136024804421867,1.41446869677778,0.0118292284444444,1.36723179372694e-06,23.6854212188889,0.118330823721202,-12.98504245,0.114091975133239,0.0110263865555556,1.3603736721129e-06,-13.7576544955556,0.121664957825384,0.0025653658951975,biotic,biotic
2975,0.772404913324994,991,0.408163265306122,0.555789191880205,1.180776941,0.000246043825047513,1.41241879766667,0.0118673581111111,2.47283422637077e-06,26.9851088466667,0.213997460668288,-9.80355624866667,0.206331643348357,0.0110653377777778,2.4571437573826e-06,-10.2737282127778,0.219789104624605,0.0100719559629322,biotic,biotic
2976,0.731959114273137,133,0.408163265306122,0.553259672181557,1.17884756877778,2.39491041678616e-05,1.41175669333333,0.0118484335555556,2.40693846572337e-07,25.3474125344444,0.0208307386382813,-11.3825869922222,0.0200845394932275,0.0110465864444444,2.40213504570321e-07,-11.9509188055556,0.0214783319402224,0.00272420248836826,biotic,biotic
2978,0.734035279777119,133,0.408163265306122,0.552533512715665,1.17919271633333,1.36889509185447e-05,1.41121069577778,0.0118524203333333,1.37481816979767e-07,25.6924064266667,0.0119069971370579,-11.0499514788889,0.0114804652203827,0.0110506354444444,1.4532903281124e-07,-11.5887532188889,0.01298386952225,0.00363727473022105,biotic,biotic
2979,0.733570854746336,133,0.408163265306122,0.553259672181557,1.179674327,2.15263171722569e-05,1.41470839255556,0.0118577593333333,2.16291470012304e-07,26.1544403066667,0.0187249591540458,-10.6044685777778,0.0180541947301449,0.0110549194444444,2.0774450119742e-07,-11.2055678511111,0.0185937614462508,0.00294433669607126,biotic,biotic
2981,0.732361115010614,4038,0.408163265306122,0.552896784080831,1.17948387522222,3.78374893616358e-05,1.41459669966667,0.0118564454444444,3.80334757519943e-07,26.0407519466667,0.0329151207490198,-10.7140843922222,0.0317360361469243,0.0110535932222222,3.82419853621952e-07,-11.3241921444444,0.034205544771934,0.00279170049583749,biotic,biotic
2983,0.73184570009205,4038,0.408163265306122,0.553259672181557,1.17860544077778,1.96009225087833e-05,1.41125876011111,0.0118489591111111,1.9712143747251e-07,25.3928859933333,0.0170530389314853,-11.3387424866667,0.0164421625500347,0.0110470494444444,1.98781985546295e-07,-11.9094940433333,0.0177828666015397,0.00320350516018407,biotic,biotic
2984,0.696022853114239,4038,0.489795918367347,0.550345812791181,1.17924927477778,0.000169833530110202,1.41174144311111,0.0118552973333333,1.70735519151704e-06,25.9413881244444,0.147754475140792,-10.8098888011111,0.142461614067275,0.0110532506666667,1.69883298178491e-06,-11.3548480177778,0.151964786999846,0.00676734659886604,biotic,biotic
2985,0.731773388935371,133,0.408163265306122,0.552896784080831,1.17935007566667,2.20073197254741e-05,1.41439782588889,0.011856582,2.21174704701813e-07,26.0525603133333,0.0191467193314893,-10.7026990244444,0.0184608479316625,0.0110537495555556,2.19498354840451e-07,-11.3102270755556,0.0196381651172787,0.00222133860272196,biotic,biotic
2986,0.727765982158005,4038,0.408163265306122,0.552533512715665,1.17668053955556,0.000131898710751951,1.41418745366667,0.0118301052222222,1.32604994040399e-06,23.7613115444444,0.114757427740356,-12.9118706677778,0.110646583955671,0.0110273217777778,1.32826745968004e-06,-13.6740059855556,0.118810060883835,0.00440815324877648,biotic,biotic
2989,0.760432715423714,133,0.408163265306122,0.5543460410038,1.18037506188889,0.000256284536503111,1.41185892022222,0.0118663748888889,2.57645368891263e-06,26.9000297133333,0.222961934918238,-9.88558767433333,0.214974991640229,0.0110643162222222,2.56444905280747e-06,-10.3650724955556,0.229368529547246,0.0113517120764453,biotic,biotic
2990,0.734575361336977,133,0.408163265306122,0.553622177429102,1.17951117788889,2.92634756114659e-05,1.41458476155556,0.0118571137777778,2.94000330687678e-07,26.0985795688889,0.0254573184693981,-10.65832827,0.0245453872929783,0.011054282,2.99550079285522e-07,-11.26257598,0.0267949586255287,0.00404298223419873,biotic,biotic
2992,0.731436160055935,133,0.408163265306122,0.553622177429102,1.17877439555556,3.99821675066247e-05,1.41163492077778,0.0118494665555556,4.02005631524968e-07,25.4368069133333,0.0347811435706322,-11.2963949022222,0.0335352128454759,0.0110475527777778,3.98417111134269e-07,-11.8644605866667,0.0356455441024794,0.00313763630518926,biotic,biotic
2993,0.719217294094514,133,0.408163265306122,0.552896784080831,1.17682259888889,0.000108956961142288,1.41454808,0.0118293345555556,1.09510811236982e-06,23.6945831588889,0.0947793793520162,-12.9762087077778,0.091384190006934,0.0110265584444444,1.09164452903751e-06,-13.74228158,0.0976272427653827,0.00402060592067009,biotic,biotic
2995,0.735594371840811,4038,0.408163265306122,0.552896784080831,1.17912426766667,2.57508416998461e-05,1.41141257277778,0.011852938,2.58884143971672e-07,25.7372019855556,0.0224012000740077,-11.0067605811111,0.021598743114281,0.0110511067777778,2.65752129708307e-07,-11.5465919511111,0.0237680748809034,0.00429856397302862,biotic,biotic
2996,0.734123150665073,133,0.408163265306122,0.552533512715665,1.17885379933333,3.13096650772742e-05,1.41183122755556,0.0118498012222222,3.14813348580523e-07,25.4657671522222,0.0272358322551449,-11.2684720777778,0.026260190990252,0.0110478378888889,3.20261394974716e-07,-11.8389821211111,0.0286443555247492,0.00366895909271947,biotic,biotic
2998,0.753710623560141,133,0.346938775510204,0.555428975180965,1.18044714444444,0.000232909361833653,1.41221649922222,0.0118666922222222,2.34151360116567e-06,26.9275006711111,0.202618986417128,-9.85910078188889,0.195360770510423,0.011064607,2.33218063194074e-06,-10.3390775655556,0.208589592639748,0.0102724238585687,biotic,biotic
3001,0.729727337990705,4038,0.408163265306122,0.553622177429102,1.17686168944444,0.000127973894530412,1.41469138555556,0.0118304912222222,1.28649366280779e-06,23.7947064422222,0.111329199197226,-12.8796720411111,0.107341164288874,0.0110277056666667,1.27977449185409e-06,-13.6396812322222,0.114463340070984,0.00232315873361206,biotic,biotic
3231,0.735480815023568,133,0.346938775510204,0.555068378071516,1.17996304933333,3.24557790308612e-05,1.414867835,0.0118602631111111,3.26033910983259e-07,26.3711176688889,0.0282310737677782,-10.39555303,0.0272197803989517,0.0110572496666667,3.23617830164034e-07,-10.9971480411111,0.0289294142698908,0.0033959946026644,abiotic,abiotic
3232,0.720975844088103,133,0.346938775510204,0.553984300233548,1.17696597933333,0.000154462073403968,1.414784594,0.0118303366666667,1.55250088566804e-06,23.7813322288889,0.134358401523411,-12.8925671655556,0.129545415191797,0.0110273597777778,1.5426615618611e-06,-13.6706194344444,0.137975855847897,0.00217485430465086,abiotic,abiotic
3233,0.734514699075209,133,0.346938775510204,0.553984300233548,1.17993212988889,3.80807127606559e-05,1.41482594555556,0.0118602937777778,3.82604161561851e-07,26.37378562,0.0331249575828522,-10.3929806511111,0.0319383545722953,0.0110572986666667,3.85008116797559e-07,-10.9927729166667,0.034431627992126,0.00301212502037448,abiotic,abiotic
3234,0.722483651362695,133,0.346938775510204,0.553984300233548,1.17671107911111,0.000185708559565448,1.41479181922222,0.0118278873333333,1.86675446966128e-06,23.5693496822222,0.161539643507553,-13.0969560722222,0.155752970267597,0.0110248968888889,1.85206786082804e-06,-13.8909242133333,0.16565885393825,0.00228004902492512,abiotic,abiotic
3240,0.687891832599888,133,0.489795918367347,0.550426497381958,1.17846621033333,1.77245348810375e-05,1.41147887277778,0.0118487942222222,1.78263693568053e-07,25.3786080255556,0.0154220116847997,-11.35250899,0.0148695636330256,0.0110469046666667,1.79211467266701e-07,-11.9224540866667,0.0160223308560833,0.00349914732681393,abiotic,biotic
3241,0.732502771992135,133,0.346938775510204,0.553984300233548,1.17883282988889,2.12186216002126e-05,1.41134105988889,0.011852008,2.13270368312215e-07,25.6567459244444,0.0184615220997146,-11.0843345444444,0.0178001916946223,0.0110501425555556,2.24610279768698e-07,-11.6328333,0.0200922849242074,0.00483578164373843,abiotic,abiotic
3250,0.7277659492201,133,0.346938775510204,0.553984300233548,1.17843632311111,2.21609762952937e-05,1.41150900711111,0.0118482067777778,2.2277498612802e-07,25.3278060788889,0.019281664283543,-11.4014911088889,0.0185909581235507,0.0110462922222222,2.21610456532141e-07,-11.9772244633333,0.0198129326057364,0.00315568838852839,abiotic,abiotic
3253,0.727613553599399,4038,0.346938775510204,0.554707400147599,1.17978065222222,3.09575246780754e-05,1.41538328066667,0.0118602278888889,3.11237226422088e-07,26.3680629622222,0.0269318685552366,-10.39849831,0.0259671170180379,0.0110572631111111,3.16128314313958e-07,-10.99595332,0.0282700871370771,0.00335757739611933,abiotic,abiotic
3255,0.71568661619307,4038,0.346938775510204,0.553984300233548,1.177058279,0.000174214829540291,1.416339101,0.0118273685555556,1.75034283149847e-06,23.5244714611111,0.151490553090396,-13.1402266655556,0.146063857372994,0.0110244847777778,1.73700063167636e-06,-13.9277736444444,0.15534699279014,0.00224541345969162,abiotic,abiotic
3256,0.714445337765199,4038,0.346938775510204,0.5543460410038,1.17709573977778,0.000197065910357257,1.41635570444444,0.0118273745555556,1.9799975448918e-06,23.5249837588889,0.171355504612872,-13.1397327188889,0.165217207786274,0.0110244517777778,1.9596767448853e-06,-13.9307178944444,0.175286349313956,0.00229237904036168,abiotic,abiotic
3257,0.728058175145081,133,0.346938775510204,0.555068378071516,1.17961898577778,3.03830396100167e-05,1.41507428755556,0.0118600406666667,3.05554414139245e-07,26.3518622522222,0.0264353582198002,-10.41411868,0.0254883908194511,0.0110570895555556,3.07689011467379e-07,-11.0114897066667,0.0275090407019761,0.00282808130223898,abiotic,abiotic
3259,0.727037342236797,4038,0.346938775510204,0.555068378071516,1.17940076422222,3.01445426271184e-05,1.41267137233333,0.0118516535555556,3.02978592936644e-07,25.62605577,0.0262141840598394,-11.1139253188889,0.0252751377608507,0.011049768,3.1366622387488e-07,-11.6663239122222,0.0280566572943777,0.00524086552003365,abiotic,abiotic
3260,0.726425644239322,4038,0.346938775510204,0.555068378071516,1.17836578144444,2.92740128787883e-05,1.41127155488889,0.0118485756666667,2.94409578648381e-07,25.3597142066667,0.0254729687202192,-11.3707259944444,0.0245604753061054,0.0110466858888889,2.98766398899141e-07,-11.94201558,0.0267156318556669,0.00332740300262244,abiotic,abiotic
3261,0.708969556591545,133,0.346938775510204,0.553259672181557,1.177286014,0.000178519685900495,1.41620734788889,0.0118299163333333,1.79399191748453e-06,23.7449450622222,0.155237107232461,-12.92765087,0.149676205234287,0.0110269561111111,1.78207803171242e-06,-13.7067253755556,0.159406286891066,0.00198471423839451,abiotic,abiotic
3263,0.725571054454589,133,0.346938775510204,0.555068378071516,1.17911943144444,2.59412618771378e-05,1.41260325333333,0.0118489301111111,2.60625422994708e-07,25.3903719711111,0.0225593007517146,-11.34116645,0.0217511787473114,0.0110470082222222,2.58608187118066e-07,-11.9132071366667,0.0231266813877475,0.00297186485479248,abiotic,abiotic
3265,0.730148006046672,133,0.346938775510204,0.555428975180965,1.180297011,3.18536927608133e-05,1.41613364,0.0118606845555556,3.19959025154212e-07,26.4075964744444,0.0277005090224652,-10.3603809655556,0.0267082185521213,0.0110576964444444,3.23479176729277e-07,-10.9572023466667,0.0289327392296726,0.0027591847356555,abiotic,abiotic
3267,0.727418257337432,133,0.346938775510204,0.555068378071516,1.18017812333333,3.81047763541854e-05,1.41602260255556,0.0118601104444444,3.82969029789416e-07,26.3579048566667,0.0331383198540232,-10.4082925322222,0.0319512409295308,0.0110571412222222,3.88486414748721e-07,-11.0068601133333,0.0347371936220279,0.00333874269692553,abiotic,abiotic
3268,0.709802079757058,133,0.346938775510204,0.553984300233548,1.17717064755556,0.000176382699188514,1.41596237411111,0.0118297244444444,1.77257327853551e-06,23.7283532844444,0.153391580225191,-12.9436482966667,0.147896787145166,0.0110267751111111,1.76091470864146e-06,-13.7229123266667,0.157510228638388,0.00349679158369547,abiotic,abiotic
3269,0.713697328838022,4038,0.346938775510204,0.553984300233548,1.17690607211111,0.000184378469687664,1.41588041311111,0.0118270945555556,1.8529721470595e-06,23.5007568966667,0.16034549340808,-13.1630917255556,0.154601594631239,0.0110241517777778,1.84458618514954e-06,-13.9575394433333,0.164978515754864,0.00263202668305171,abiotic,abiotic
3272,0.708127014878273,133,0.387755102040816,0.553259672181557,1.17954077188889,0.000150118003340222,1.41261494555556,0.0118538674444444,1.50870085761838e-06,25.8176576833333,0.130553905385627,-10.9291869711111,0.125877205110585,0.011051877,1.50456455494606e-06,-11.4776983711111,0.134569180711573,0.00580843608282532,abiotic,abiotic
3274,0.724687714605082,4038,0.346938775510204,0.554707400147599,1.17901672188889,3.99156060659343e-05,1.41231594622222,0.0118488913333333,4.00975996787683e-07,25.3870327877778,0.0347146872314288,-11.3443860177778,0.0334711338488348,0.0110469815555556,3.82507225785095e-07,-11.9155694511111,0.034221782595698,0.00418005926152116,abiotic,abiotic
4922,0.798245059490677,323,0.408163265306122,0.557942525955338,1.17963897611111,6.56385250547323e-05,1.41574515011111,0.0118419486666667,6.59011760137862e-07,24.7862192688889,0.0570220464083321,-11.9236771911111,0.0549794043267976,0.0110392035555556,6.60953688073165e-07,-12.6112682111111,0.0591272040354011,0.00250811014041982,abiotic,abiotic
4924,0.725236705713969,799,0.346938775510204,0.552533512715665,1.18031365188889,2.65472357386043e-05,1.41276696944444,0.0118511284444444,2.66616818257477e-07,25.5805975211111,0.0230668939264293,-11.15775516,0.0222405915922885,0.011049191,2.73493601387701e-07,-11.7179595922222,0.0244671205704407,0.00407273156523469,abiotic,abiotic
4929,0.793663650563155,323,0.408163265306122,0.556508485659345,1.17936389255556,4.21625560424185e-05,1.41545632433333,0.0118392631111111,4.23312072957122e-07,24.5538156744444,0.0366280934415477,-12.1477556244444,0.0353160026719956,0.0110366181111111,4.45961726060829e-07,-12.8425105255556,0.0398871045215347,0.00625956362675919,abiotic,abiotic
4932,0.794589827562086,323,0.408163265306122,0.556508485659345,1.17966622066667,8.70870311111162e-05,1.41567463488889,0.0118390073333333,8.74064213888386e-07,24.5316676633333,0.0756344848233511,-12.16911025,0.0729251066587469,0.0110363896666667,8.76384333497427e-07,-12.8629341011111,0.0784046891305235,0.00406454482683505,abiotic,abiotic
4933,0.731087453785856,323,0.408163265306122,0.552896784080831,1.18102655433333,6.43430086236794e-05,1.41352608544444,0.0118519475555556,6.4578617032106e-07,25.65149083,0.0558781542672206,-11.0894013933333,0.0538764873776223,0.0110500006666667,6.33765926821774e-07,-11.6455319177778,0.0566837321518278,0.00302433566296319,abiotic,abiotic
4935,0.714103169511131,323,0.408163265306122,0.55107658634389,1.17885846977778,0.000157790689255403,1.41610633088889,0.0118344165555556,1.58417053304799e-06,24.1343957055556,0.137080839038607,-12.55215113,0.132170329981926,0.0110315665555556,1.57609415257412e-06,-13.29435136,0.140976978357749,0.00324940351607337,abiotic,abiotic
4936,0.713640316602769,799,0.408163265306122,0.55107658634389,1.17857367311111,0.000175971316837059,1.41586797422222,0.0118304754444444,1.76648783686107e-06,23.7933437966667,0.152861327935006,-12.8809858755556,0.147385529752427,0.0110277117777778,1.76118168978797e-06,-13.6391286377778,0.157537840918804,0.00372026441070696,abiotic,abiotic
4940,0.801223335441453,323,0.408163265306122,0.557226262620073,1.18018598055556,3.59786517434822e-05,1.415577537,0.0118445997777778,3.61266791228449e-07,25.0156369211111,0.0312482085244358,-11.70247774,0.0301288342763365,0.0110420183333333,3.68930887836792e-07,-12.3595107522222,0.0329761353598904,0.0030793409712057,abiotic,abiotic
4941,0.731413313122468,323,0.408163265306122,0.552896784080831,1.18111039122222,3.64410800120322e-05,1.41312626333333,0.0118537556666667,3.65500341997031e-07,25.8079696755556,0.0316494003595532,-10.9385279333333,0.0305156556465766,0.0110518794444444,3.61285244340158e-07,-11.4774773222222,0.0323194635222233,0.00347342168472323,abiotic,abiotic
4942,0.731896970229732,323,0.408163265306122,0.553259672181557,1.18192361044444,3.61894688276743e-05,1.41636637477778,0.0118616865555556,3.63204870256226e-07,26.4943011822222,0.0314304412070005,-10.2767821977778,0.0303045400162186,0.0110588623333333,3.61890867527691e-07,-10.8529056511111,0.0323808540026352,0.00371446902076685,abiotic,abiotic
4946,0.712993259796573,323,0.408163265306122,0.551805818541053,1.17888156644444,0.000181541348399016,1.41609034555556,0.011830233,1.82188377785193e-06,23.7723486855556,0.157655376791703,-12.9012288977778,0.152007844837257,0.0110275352222222,1.80867180396153e-06,-13.6549201588889,0.161768799804662,0.00338810951287255,abiotic,abiotic
4947,0.797016185541713,133,0.408163265306122,0.556149028572344,1.17978800777778,9.70347084511226e-05,1.415644888,0.0118388663333333,9.73797206814555e-07,24.5194753144444,0.0842643164763805,-12.1808658444444,0.0812457994994798,0.0110362887777778,9.75225842789338e-07,-12.8719624033333,0.0872363262845941,0.00393544658121488,abiotic,abiotic
4948,0.722630372836613,323,0.408163265306122,0.552896784080831,1.18226545733333,0.000139886532984759,1.41385265811111,0.0118580566666667,1.40304142846868e-06,26.1801688711111,0.121418527586524,-10.5796616588889,0.117069074122667,0.0110562015555556,1.38661964062895e-06,-11.0908802077778,0.1240162267179,0.00408582746503726,abiotic,abiotic
4949,0.7228893338931,133,0.408163265306122,0.552533512715665,1.18114938433333,0.000118058537935609,1.41263792988889,0.0118587756666667,1.18530333670348e-06,26.2423899733333,0.102575265626882,-10.5196694422222,0.0989008156571956,0.0110568921111111,1.18181633983919e-06,-11.0291228777778,0.105692959391872,0.00663042861653956,abiotic,abiotic
4950,0.730580854212807,323,0.408163265306122,0.553259672181557,1.18072147777778,4.62025451808981e-05,1.41255230433333,0.0118541057777778,4.6376011519393e-07,25.8382649911111,0.0401417888017113,-10.9093178566667,0.0387038310087076,0.0110522498888889,4.70899523371334e-07,-11.4443450155556,0.0421256759214529,0.00433200676952124,abiotic,abiotic
4951,0.73054122858317,323,0.408163265306122,0.553259672181557,1.18112810966667,4.60891983576516e-05,1.41349613433333,0.0118516975555556,4.62407318040769e-07,25.6298540688889,0.0400215107170899,-11.1102630811111,0.0385878607881098,0.0110497635555556,4.49305606216612e-07,-11.6667473933333,0.0401897027624767,0.00394475609249682,abiotic,abiotic
4952,0.733094504744601,799,0.408163265306122,0.552896784080831,1.18152909077778,2.4357026680081e-05,1.41585804177778,0.0118621551111111,2.44473640933319e-07,26.5348514,0.0211619256915827,-10.2376845722222,0.0204038630777119,0.0110593586666667,2.39305766750044e-07,-10.8085151355556,0.0214100469985518,0.00235047776911822,abiotic,abiotic
4953,0.71414158356222,323,0.408163265306122,0.551805818541053,1.17908610566667,0.000169265495454613,1.41627548222222,0.0118310998888889,1.69852292039624e-06,23.8473769111111,0.146980010665743,-12.8288883355556,0.141714891699942,0.011028357,1.69777221675918e-06,-13.5814207988889,0.151848820676028,0.00490433789441235,abiotic,abiotic
4954,0.715023234480512,323,0.408163265306122,0.552169857673616,1.17997012911111,0.000148784251544357,1.41709229222222,0.0118345554444444,1.49225861625196e-06,24.1464104522222,0.129136251470574,-12.5405667766667,0.124510331958039,0.0110317806666667,1.4815686787997e-06,-13.2751957955556,0.132520646348829,0.00366924824694304,abiotic,abiotic
4958,0.720937265058513,799,0.408163265306122,0.552169857673616,1.18197183055556,0.000118927555587522,1.41327008244444,0.0118596918888889,1.19315144097927e-06,26.3216937477778,0.103266372887881,-10.4432064877778,0.0995671663160694,0.0110578617777778,1.1904608118055e-06,-10.94239987,0.10647395307272,0.00618227528208098,abiotic,abiotic
4960,0.713406198239192,799,0.408163265306122,0.552169857673616,1.178491189,0.000186282051344214,1.41566178144444,0.0118310225555556,1.87008750537983e-06,23.84069174,0.161836829204103,-12.8353340311111,0.156039510745375,0.0110282942222222,1.85877135346035e-06,-13.5870289188889,0.16625038295536,0.0034563652733477,abiotic,abiotic
4961,0.712794635835803,323,0.408163265306122,0.551805818541053,1.17916153688889,0.000149862060772087,1.41625931388889,0.011831174,1.50353716282654e-06,23.8537781055556,0.130123747721009,-12.8227164466667,0.125462455093755,0.0110284841111111,1.50285515307051e-06,-13.57004513,0.134414897177503,0.00380010856382725,abiotic,abiotic
4962,0.799141145346459,323,0.408163265306122,0.557226262620073,1.17971238122222,9.03995249099291e-05,1.41514702433333,0.0118433733333333,9.07707276603995e-07,24.9095110233333,0.0785372443473922,-11.8048019955556,0.0757238822526267,0.0110408027777778,9.03863897079591e-07,-12.4682382377778,0.0808400324058303,0.00236011995315557,abiotic,abiotic
4963,0.799276076311234,133,0.408163265306122,0.557584583292035,1.18103053266667,4.25309612106176e-05,1.41625259966667,0.0118445764444444,4.264118053919e-07,25.0136120877778,0.0369125718241194,-11.70443004,0.0355902902572539,0.0110420553333333,4.25734071927728e-07,-12.3561821511111,0.0380918789426942,0.00290493266826377,abiotic,abiotic
4964,0.714148168447758,799,0.408163265306122,0.552169857673616,1.17965730933333,0.000150066684323969,1.41681361866667,0.0118306327777778,1.50495247248685e-06,23.8069289777778,0.130240536074016,-12.8678873444444,0.125575058847445,0.0110279348888889,1.50028059412606e-06,-13.6191854122222,0.13418490603881,0.00312591124107473,abiotic,abiotic
4965,0.730662294816579,323,0.408163265306122,0.552533512715665,1.18153236788889,4.34020957168058e-05,1.41576159911111,0.0118612943333333,4.35632012138565e-07,26.4603629277778,0.0377056997299443,-10.3095047144444,0.0363550087410024,0.0110585554444444,4.3672019392016e-07,-10.8803509522222,0.0390706042347851,0.0040793428080396,abiotic,abiotic
4966,0.729537944851621,323,0.408163265306122,0.552533512715665,1.18052460188889,4.78194684162553e-05,1.41268464255556,0.011851513,4.80071609241563e-07,25.6138960966667,0.0415446117131769,-11.1256494077778,0.0400563993894309,0.0110496713333333,4.73182311588249e-07,-11.67497735,0.0423340302320061,0.00168711500494116,abiotic,abiotic
4968,0.796287538835899,323,0.408163265306122,0.556508485659345,1.17934500588889,0.000102148552172136,1.41502980411111,0.0118393315555556,1.02554060269578e-06,24.5597266944444,0.0887418610441958,-12.14205635,0.0855629507627182,0.0110367843333333,1.01877561317518e-06,-12.8276289988889,0.0911203080136392,0.0029124394264404,abiotic,abiotic
4969,0.796491687028195,323,0.408163265306122,0.556508485659345,1.179356536,0.000113654971917157,1.415039285,0.011839326,1.14089657725818e-06,24.5592545844444,0.0987372740699132,-12.1425115488889,0.0952003090317332,0.0110367687777778,1.1383148485566e-06,-12.8290384333333,0.101825951736269,0.00332024217499078,abiotic,abiotic
4970,0.793669659881973,323,0.408163265306122,0.556149028572344,1.17935355411111,6.70416728636441e-05,1.41495407222222,0.0118390401111111,6.72963305917334e-07,24.5345250222222,0.0582408746781506,-12.16635525,0.056154570453192,0.0110365273333333,6.74529650942202e-07,-12.8506424911111,0.0603276913838295,0.0026468574632798,abiotic,abiotic
4973,0.710437171369847,799,0.408163265306122,0.551441394903152,1.17953166711111,0.000165087534790211,1.41635349622222,0.0118350212222222,1.65651235867548e-06,24.1867205244444,0.143345555928734,-12.5017006911111,0.13821062889832,0.0110322846666667,1.64532808278438e-06,-13.23010514,0.147170676617208,0.00280165978273193,abiotic,abiotic
5759,0.792792763456758,323,0.346938775510204,0.554788301400031,1.18003179366667,6.24292944497861e-05,1.40975646688889,0.0118321586666667,6.26061897898007e-07,23.9389954855556,0.0541711948233384,-12.7405517244444,0.0522306727927934,0.0110316746666667,6.31251336632346e-07,-13.2846818522222,0.056443187759648,0.00572058554588929,abiotic,abiotic
5764,0.810040535708663,133,0.387755102040816,0.55830009100628,1.179479072,0.000101052340308141,1.41534345633333,0.011828419,1.01323208101616e-06,23.6153889044444,0.0876987088979607,-13.0525660666667,0.0845571638159246,0.011026311,9.83781606862014e-07,-13.7644252366667,0.0879994517955262,0.00364983168475445,abiotic,abiotic
5766,0.805399313209766,133,0.387755102040816,0.55830009100628,1.17863767288889,9.44583550691139e-05,1.41473807855556,0.0118289422222222,9.47879182409279e-07,23.6606575811111,0.0820382605336941,-13.0089190022222,0.0790994852785659,0.0110267981111111,9.32493625238919e-07,-13.7208484333333,0.0834036630102058,0.00147006413440155,abiotic,abiotic
5768,0.791871622473288,323,0.346938775510204,0.552896784080831,1.17887428577778,3.59165205190355e-05,1.41220398344444,0.0118299213333333,3.60545766859408e-07,23.7453795066667,0.0311902509625387,-12.9272319888889,0.0300729530131321,0.0110285267777778,3.69085619395202e-07,-13.5662299222222,0.0330083199752336,0.00361186005812553,abiotic,abiotic
5769,0.79805803603681,133,0.346938775510204,0.553984300233548,1.17903872988889,5.05274177784406e-05,1.41237648777778,0.0118313392222222,5.07028050944105e-07,23.8680854944444,0.0438774356963134,-12.8089215755556,0.0423056569023378,0.0110299096666667,5.05823091604306e-07,-13.44253789,0.0452513028607669,0.00432747231520347,abiotic,abiotic
5771,0.788107208107319,323,0.346938775510204,0.553259672181557,1.179824929,7.00650693284969e-05,1.41231453088889,0.0118385506666667,7.03110588740896e-07,24.49215452,0.060840567723663,-12.2072079533333,0.0586611365939901,0.0110371522222222,7.00238491118871e-07,-12.7947493611111,0.0626279035957109,0.00344108490710519,abiotic,abiotic
5774,0.815073407210903,133,0.387755102040816,0.55830009100628,1.178957821,0.000129821833004883,1.41484276911111,0.0118299571111111,1.30255205696778e-06,23.7484908766667,0.112730792684364,-12.9242320722222,0.108692550258012,0.0110278365555556,1.29054485694132e-06,-13.6279809222222,0.115408714839308,0.00233011544964488,abiotic,abiotic
5779,0.813560221393764,133,0.387755102040816,0.55830009100628,1.17888282766667,0.000103012958795224,1.415066608,0.0118301261111111,1.03392328589289e-06,23.7631053255556,0.0894583314529652,-12.9101411422222,0.0862537562795683,0.0110279296666667,1.01747321832075e-06,-13.6196433355556,0.0910054526344168,0.000917480596466313,abiotic,abiotic
5780,0.797052010507505,133,0.346938775510204,0.553622177429102,1.17905532722222,2.32673032589506e-05,1.41218870511111,0.0118315905555556,2.33429384992448e-07,23.88982248,0.0202053353070623,-12.7879632488889,0.0194815403068392,0.0110302536666667,2.25778652666669e-07,-13.4117764722222,0.0201950749735197,0.00233027549141655,abiotic,abiotic
5782,0.817587746062783,133,0.387755102040816,0.558657278840044,1.17865616488889,0.000183443827215196,1.41473142955556,0.0118272616666667,1.84083065489436e-06,23.5152184044444,0.159297913689735,-13.1491482611111,0.153591545284032,0.0110251765555556,1.81856262685087e-06,-13.8658994277778,0.162657910887454,0.00187107426288796,abiotic,abiotic
5784,0.792556041949981,133,0.346938775510204,0.553259672181557,1.17887155666667,5.59649918632345e-05,1.41391290711111,0.0118292505555556,5.61578603383086e-07,23.6873365411111,0.0485978528980128,-12.9831957377778,0.0468569803363647,0.0110274096666667,5.64421828068234e-07,-13.6661623811111,0.0504904098498813,0.00424922273906262,abiotic,abiotic
5878,0.746694931251676,133,0.428571428571429,0.557942525955338,1.18081013455556,6.5148079785808e-05,1.41759674988889,0.0118492602222222,6.53650284513277e-07,25.4189354433333,0.0565748261991275,-11.3136261811111,0.0545482015422619,0.0110460956666667,6.46360580481477e-07,-11.9948002655556,0.0578180339218245,0.00254129781280808,abiotic,abiotic
5880,0.799789209002866,133,0.428571428571429,0.561147064557622,1.17947767911111,3.27656730529376e-05,1.41601443422222,0.0118339087777778,3.2883650108318e-07,24.0904435611111,0.0284491447723098,-12.5945288211111,0.027430038261866,0.0110312726666667,3.2477222787655e-07,-13.3206457833333,0.0290420133604844,0.00300597099237147,abiotic,abiotic
5882,0.744816136886723,133,0.428571428571429,0.557226262620073,1.17998541244444,4.51589665352103e-05,1.41708770522222,0.0118385328888889,4.52997639189192e-07,24.49062171,0.039207889530901,-12.2086858544444,0.0378033861693366,0.0110355914444444,4.47631575939585e-07,-12.9343480177778,0.0400409903097396,0.00627651656635211,biotic,biotic
5884,0.776625971735554,133,0.428571428571429,0.558657278840044,1.17937091955556,4.74014740359177e-05,1.41428504977778,0.0118324461111111,4.75417302073695e-07,23.9638687,0.0411551845079662,-12.7165695177778,0.0396809231290083,0.011030348,4.73045980851865e-07,-13.40334027,0.0423029205227997,0.00327219292234365,biotic,abiotic
5887,0.777548236389526,133,0.428571428571429,0.559370524431188,1.17826794311111,0.000140743707532907,1.41573018955556,0.011821006,1.41198610120629e-06,22.97385736,0.122193845975036,-13.6711166666667,0.117816614260082,0.0110184905555556,1.3994034542538e-06,-14.4639111677778,0.12517508689368,0.00258692843382712,biotic,biotic
5889,0.769181737538099,133,0.428571428571429,0.559370524431188,1.17892002788889,3.99544090634571e-05,1.41634198477778,0.0118263582222222,4.00712733070162e-07,23.4370397077778,0.0346850136935792,-13.2245264388889,0.0334425295237545,0.0110236638888889,3.94388908453117e-07,-14.0011941722222,0.0352913599137227,0.00223304906541083,biotic,biotic
5892,0.763405325684389,133,0.408163265306122,0.556797493475074,1.178478761,7.05716367459482e-05,1.416637393,0.0118278446666667,7.08254897617741e-07,23.5656859511111,0.0612948513576387,-13.1004885611111,0.0590991492859132,0.0110250516666667,6.87932772878262e-07,-13.8770578611111,0.0615322303232614,0.0032075650761161,biotic,abiotic
5893,0.720621420099923,133,0.428571428571429,0.555789191880205,1.17822884411111,0.000176426363675066,1.41681992066667,0.0118240588888889,1.77057853853241e-06,23.2380519622222,0.153218137909926,-13.4163860433333,0.147729554007517,0.0110211925555556,1.76053139073893e-06,-14.2222362744444,0.157467139144668,0.00350132308211958,biotic,biotic
5894,0.792016694027251,133,0.428571428571429,0.560437573504735,1.17848470933333,0.000221221970383828,1.41004391033333,0.0118258765555556,2.21975855168482e-06,23.3953519455556,0.192109124325538,-13.26472086,0.185227388727224,0.0110249918888889,2.21001195949505e-06,-13.88241379,0.197677263396126,0.00778971819665317,biotic,biotic
5895,0.756016746057503,133,0.428571428571429,0.557942525955338,1.17998289666667,2.52784814417392e-05,1.41721908166667,0.0118403471111111,2.53651554521454e-07,24.6476228888889,0.0219507582434549,-12.0573087744444,0.0211644367255004,0.0110373411111111,2.52276358604991e-07,-12.7778489244444,0.0225628257035323,0.00243599665048355,abiotic,abiotic
5897,0.753172581854289,133,0.428571428571429,0.557584583292035,1.17967297022222,3.67059586912281e-05,1.41432827855556,0.0118361825555556,3.6829475665266e-07,24.2872006644444,0.0318710132333751,-12.40481995,0.0307293318033994,0.0110340382222222,3.75137567359226e-07,-13.0732741055556,0.0335388710876679,0.00322312902610382,biotic,biotic
5898,0.737460378572656,133,0.428571428571429,0.556867563542026,1.18101492966667,1.72213206956157e-05,1.41765961688889,0.0118491672222222,1.72675112405869e-07,25.4108864611111,0.0149525164828411,-11.3213868311111,0.0144168866267368,0.0110460641111111,1.77391124668627e-07,-11.9976247455556,0.0158665934615013,0.00311935389480813,abiotic,abiotic
5900,0.756789938288232,133,0.428571428571429,0.557942525955338,1.179643959,1.91575692677973e-05,1.417236669,0.0118346803333333,1.92145777992005e-07,24.1572270022222,0.0166324263038764,-12.5301376955556,0.0160366178894897,0.0110316888888889,1.95641537284684e-07,-13.28340894,0.0174949938211458,0.00250691177552761,abiotic,biotic
5901,0.742662874056824,133,0.428571428571429,0.557226262620073,1.17916892077778,2.47274973398921e-05,1.41734951755556,0.0118296647777778,2.47920238069678e-07,23.7231722077778,0.0214677526685236,-12.9486437766667,0.020698732336341,0.0110266466666667,2.5406200030701e-07,-13.73440853,0.0227296848972633,0.00300918114054177,biotic,biotic
5902,0.747788334888189,133,0.428571428571429,0.557584583292035,1.18115706977778,3.05286020142498e-05,1.417132049,0.0118493223333333,3.06372322509687e-07,25.4243068655556,0.0265036213704363,-11.3084471722222,0.0255542113002154,0.0110463638888889,2.96630428498461e-07,-11.9708312855556,0.0265420954739673,0.00233011669155043,abiotic,abiotic
5904,0.796787539345561,133,0.428571428571429,0.560792506272116,1.179370437,6.01911708060019e-05,1.41626877544444,0.0118312215555556,6.03711460697529e-07,23.8579188766667,0.0522543680355776,-12.8187240044444,0.0503825131717061,0.011028505,5.87678270824915e-07,-13.5681928077778,0.052561172121791,0.00216660758064904,abiotic,abiotic
5905,0.774454584748253,133,0.428571428571429,0.557942525955338,1.18008290933333,0.000145460943957499,1.40993205777778,0.0118386235555556,1.45927525771441e-06,24.4984605244444,0.126283182199556,-12.2011278422222,0.121759465907112,0.0110377412222222,1.44846192371218e-06,-12.7420485355556,0.129567783175347,0.00566476945157708,abiotic,abiotic
5907,0.786878948289647,133,0.428571428571429,0.559370524431188,1.17921398077778,0.000195376607297121,1.410441364,0.011824217,1.95893185180099e-06,23.2517303355556,0.169536037148536,-13.4031976533333,0.163462918161622,0.0110233631111111,1.94919845349617e-06,-14.0280773622222,0.174337778809245,0.00669738469616575,biotic,biotic
5908,0.734586338571455,133,0.428571428571429,0.556867563542026,1.18001008377778,4.060280043845e-05,1.41795236677778,0.0118328245555556,4.06914337149818e-07,23.9966159233333,0.0352346337836507,-12.6849953633333,0.0339724572677182,0.01102975,4.08576186286088e-07,-13.4568356688889,0.0365275797989754,0.00403036698367196,biotic,biotic
5909,0.769905398846125,133,0.428571428571429,0.558657278840044,1.17935930588889,4.24292595900861e-05,1.41627513888889,0.0118261776666667,4.25401868825271e-07,23.4214193544444,0.0368192508970823,-13.2395872388889,0.0355003128971145,0.0110235901111111,4.09655478556093e-07,-14.0077872922222,0.0366430921472271,0.00223402558982562,biotic,biotic
5911,0.708788278814707,323,0.428571428571429,0.555428975180965,1.17899385455556,5.79050093042751e-05,1.41703394322222,0.0118219484444444,5.80524571209298e-07,23.0554233411111,0.0502462995625218,-13.5924725411111,0.0484463772629284,0.0110191473333333,5.80883379001135e-07,-14.4051679477778,0.0519596967178893,0.00344257158371947,biotic,biotic
5912,0.741446946544499,133,0.428571428571429,0.557584583292035,1.18086873344444,2.65179657502052e-05,1.41783406655556,0.011840349,2.65958643401564e-07,24.6477682511111,0.023009843557736,-12.0571686177778,0.0221855828030106,0.0110373312222222,2.60207022281516e-07,-12.7787199188889,0.0232771521306944,0.00377515999166874,biotic,abiotic
5914,0.758397871171577,133,0.428571428571429,0.55830009100628,1.18032412822222,2.09256193861912e-05,1.41785062322222,0.0118354463333333,2.09854711646258e-07,24.2235176822222,0.0181580224309837,-12.4662216822222,0.0175075631908388,0.0110323815555556,2.08524645492041e-07,-13.2214460744444,0.0186512061226681,0.00140124283619159,abiotic,abiotic
5917,0.74731519557951,133,0.428571428571429,0.558657278840044,1.17976300977778,0.000214704184355358,1.41033733422222,0.0118288043333333,2.15265196908401e-06,23.6487253288889,0.186293028979977,-13.0204238211111,0.17961964179134,0.0110279446666667,2.14490023077971e-06,-13.6182948933333,0.191845340951172,0.00841913026205735,biotic,biotic
5918,0.711970783905236,133,0.428571428571429,0.555789191880205,1.17899365022222,0.000165887927021404,1.41727433666667,0.0118223252222222,1.66347270625187e-06,23.0880151011111,0.143951500968264,-13.5610482844444,0.138794869161447,0.0110194136666667,1.65583792987101e-06,-14.3813446355556,0.148096324442656,0.00358755288254274,biotic,biotic
5919,0.763409948361346,133,0.428571428571429,0.558657278840044,1.18084218388889,4.07650750503492e-05,1.41746201055556,0.0118397393333333,4.08826063258956e-07,24.5950130255556,0.0353711734384547,-12.1080340444444,0.0341041076684505,0.0110367701111111,4.06619430316684e-07,-12.82891191,0.0363712022292726,0.00286082974870163,abiotic,biotic
5920,0.737687491659672,323,0.428571428571429,0.557584583292035,1.18035901933333,2.83308648782627e-05,1.41796227555556,0.0118348656666667,2.84122772758639e-07,24.1732594377778,0.0245821270136752,-12.5146795755556,0.0237015446565447,0.0110317587777778,2.89611281624919e-07,-13.2771588033333,0.0259064558236821,0.00217684040594265,biotic,biotic
5924,0.738612521140769,133,0.428571428571429,0.557584583292035,1.17895596966667,6.43401029374522e-05,1.41666268011111,0.0118264157777778,6.45481366457582e-07,23.4420215622222,0.0558531743380311,-13.2197230422222,0.0538524023584965,0.011023677,6.42239830592989e-07,-14.0000233044444,0.0574340830004563,0.00315824596288544,abiotic,biotic
5925,0.804743591188502,133,0.428571428571429,0.560792506272116,1.17907479344444,0.000126295755846271,1.41573221555556,0.0118265084444444,1.26675758445647e-06,23.4500251066667,0.109626116563765,-13.2120062011111,0.105699087393217,0.0110239915555556,1.24732905753744e-06,-13.9718803511111,0.111567322974597,0.00213299433958948,abiotic,abiotic
5926,0.753264233707783,133,0.428571428571429,0.557942525955338,1.17853372488889,0.000179527713064344,1.41615527244444,0.0118206414444444,1.80065697115776e-06,22.9423084088889,0.155826199025153,-13.7015354677778,0.150244192834404,0.0110179714444444,1.79256890461105e-06,-14.51034268,0.160330521746687,0.00303504591133208,biotic,biotic
5927,0.764956258483099,133,0.428571428571429,0.559726582973377,1.18050263144444,0.000132040876313121,1.41017292488889,0.0118402074444444,1.32425130839194e-06,24.6355352177778,0.114606935369035,-12.0689634388889,0.110501485215265,0.0110392864444444,1.31912064564887e-06,-12.6038483766667,0.117977723311553,0.00601195230459297,abiotic,abiotic
5928,0.786292460298526,133,0.428571428571429,0.560082265868008,1.17893930455556,0.000125274419342196,1.41614265511111,0.0118239117777778,1.25631621992428e-06,23.2253254844444,0.108728278048547,-13.4286566344444,0.104833413702164,0.0110212448888889,1.24763751190432e-06,-14.2175604811111,0.111587618477177,0.00242211215369214,abiotic,biotic
5929,0.741057416315839,133,0.428571428571429,0.557584583292035,1.17941363433333,3.37209294540833e-05,1.41745973877778,0.0118286313333333,3.38175620055726e-07,23.6337371766667,0.0292669999625265,-13.0348750655556,0.0282185974495346,0.011025593,3.34080828542952e-07,-13.8286447677778,0.0298838365391635,0.00330226422771761,biotic,biotic
5930,0.750145993951696,133,0.428571428571429,0.558657278840044,1.18067454588889,2.29177662875769e-05,1.41744971055556,0.011840433,2.29713408402826e-07,24.6550442033333,0.0198892473991535,-12.0501533033333,0.0191767764289127,0.0110373997777778,2.29844935651219e-07,-12.77259119,0.0205541134165039,0.00192485437290574,abiotic,abiotic
5931,0.795522640976985,133,0.428571428571429,0.560437573504735,1.179839764,5.92661111872092e-05,1.416415597,0.0118323913333333,5.94342493853405e-07,23.9591172488889,0.0514358471977449,-12.72115076,0.0495933097564163,0.0110296673333333,5.84871353375997e-07,-13.4642392711111,0.0523319055434876,0.00133676493019788,abiotic,abiotic
5934,0.77155120770564,133,0.428571428571429,0.560082265868008,1.18035218122222,0.000119666545316338,1.410058273,0.0118375825555556,1.20018270599823e-06,24.4083635,0.10385678688136,-12.2879974111111,0.100136429158173,0.0110367056666667,1.19126823175998e-06,-12.8346836711111,0.106549465243453,0.00478886601835543,abiotic,abiotic
5935,0.73404807353447,133,0.428571428571429,0.55830009100628,1.18023898088889,4.31797384789431e-05,1.41742429555556,0.0118363892222222,4.32966158544475e-07,24.3051183188889,0.0374747065428334,-12.3875441455556,0.0361322895730464,0.0110333335555556,4.33178978919269e-07,-13.13631343,0.0387557890494697,0.0026445960371669,biotic,biotic
5938,0.735834171605572,323,0.428571428571429,0.557942525955338,1.17987443844444,2.75193085265299e-05,1.41741138188889,0.0118334278888889,2.75916855431358e-07,24.04884278,0.0238848376303229,-12.6346393788889,0.0230292353096492,0.0110303952222222,2.74600062717616e-07,-13.3991076433333,0.0245554894342338,0.00321266820606013,biotic,biotic
5939,0.740521842916884,133,0.428571428571429,0.55830009100628,1.18066819922222,3.70053744839245e-05,1.41710369911111,0.0118410731111111,3.71099529925836e-07,24.7104235533333,0.0321172132496154,-11.9967577533333,0.0309667095532657,0.0110381135555556,3.73698444976305e-07,-12.70876074,0.0334328258818921,0.00309158326116992,biotic,abiotic
5941,0.761500572790754,133,0.428571428571429,0.559370524431188,1.18054389433333,2.14373503842746e-05,1.41680177044444,0.0118403642222222,2.14834690970616e-07,24.6490929177778,0.0186064171545402,-12.0558914,0.017939899018969,0.0110374904444444,2.14908184529305e-07,-12.7644943266667,0.0192290014122003,0.00278401015418508,abiotic,abiotic
5944,0.73189896057761,323,0.428571428571429,0.556867563542026,1.180432054,3.146273583545e-05,1.41747247988889,0.0118390018888889,3.15400715140227e-07,24.5311940322222,0.0273072371115247,-12.1695669144444,0.0263290400939271,0.0110359332222222,3.15938197191016e-07,-12.9037756011111,0.0282607422236327,0.00223849198702096,biotic,biotic
5945,0.751130190856767,323,0.428571428571429,0.558657278840044,1.18053812766667,2.14871745176224e-05,1.41771103288889,0.0118401782222222,2.15400660268777e-07,24.6330100655556,0.01864953353811,-12.0713981322222,0.0179814671640066,0.0110370313333333,2.08260053779031e-07,-12.8055664011111,0.0186210992070871,0.00220192729314385,abiotic,abiotic
5946,0.770268929890127,133,0.428571428571429,0.559370524431188,1.18025185288889,4.1078463491978e-05,1.414220244,0.011837375,4.12150154676653e-07,24.3904106111111,0.0356537607599612,-12.3053071933333,0.0343765708786528,0.0110352533333333,3.9872891793829e-07,-12.9645901588889,0.0356591135770881,0.00283131213821541,abiotic,biotic
5948,0.74528606569978,323,0.428571428571429,0.557942525955338,1.18052301011111,0.000100911171060753,1.41006435588889,0.0118401274444444,1.01211463173756e-06,24.6286119411111,0.087585263450915,-12.0756387111111,0.0844477834443398,0.0110392114444444,1.00809202346671e-06,-12.61056295,0.0901718073214318,0.00503579464772156,biotic,abiotic
5949,0.74162888454968,133,0.428571428571429,0.557942525955338,1.18093730155556,4.61575597846649e-05,1.41754019733333,0.0118441768888889,4.62744379880691e-07,24.9790533777778,0.0400619004766419,-11.7377507877778,0.0386268030665823,0.0110410855555556,4.65438264196171e-07,-12.4429242288889,0.0416457308816307,0.00523683324803212,abiotic,biotic
5950,0.751080661297401,133,0.428571428571429,0.557942525955338,1.18104906744444,9.07929965293876e-05,1.41021231911111,0.0118451973333333,9.10485722018816e-07,25.0673554722222,0.0788018607104009,-11.6526118488889,0.0759790196710453,0.0110442658888889,9.06497717101867e-07,-12.1584579244444,0.0810784400767124,0.00460339136000036,abiotic,abiotic
5951,0.745716854600823,323,0.428571428571429,0.557942525955338,1.18007321133333,3.32723406224891e-05,1.41756425922222,0.0118357643333333,3.33579076082628e-07,24.2510175833333,0.0288788248187046,-12.4397068811111,0.0278443281903932,0.01103268,3.38342282312268e-07,-13.1947528377778,0.0302770537666869,0.00261958074211031,abiotic,biotic
5952,0.793326105990247,133,0.428571428571429,0.560437573504735,1.17983425777778,4.79378427230741e-05,1.41666257988889,0.0118332493333333,4.80586620704427e-07,24.0333871811111,0.0416074461823272,-12.6495413266667,0.0401169843820759,0.0110304358888889,4.6410544180262e-07,-13.3954761544444,0.0415199468051828,0.00290986367124302,abiotic,abiotic
5955,0.762924482959288,133,0.428571428571429,0.557942525955338,1.17907544488889,3.84738198761333e-05,1.41638684622222,0.0118259487777778,3.85925438970423e-07,23.4016028111111,0.0333941230105392,-13.2586939166667,0.0321978773777038,0.0110232265555556,3.82537616160476e-07,-14.0403141855556,0.0342281330496207,0.00129775685421677,biotic,biotic
5957,0.768869870233578,133,0.428571428571429,0.559014089850694,1.18039165144444,0.000152207414187973,1.410106069,0.0118384536666667,1.52634473497972e-06,24.4837557088889,0.132103617288506,-12.2153059033333,0.127371402171227,0.011037596,1.52177913969161e-06,-12.7550597277778,0.136131190881101,0.00689812947377434,abiotic,abiotic
5958,0.811426175823149,133,0.428571428571429,0.56150124874764,1.17957687111111,0.000181354380285129,1.41006268577778,0.0118305592222222,1.81889477277912e-06,23.8005937544444,0.157404439093351,-12.8739956255556,0.151765896832266,0.0110297131111111,1.79708656194136e-06,-13.4601307333333,0.160731731774242,0.00446406614979653,abiotic,abiotic
5959,0.737797069003226,133,0.428571428571429,0.557584583292035,1.17971639644444,3.58701847120597e-05,1.41779973077778,0.0118320003333333,3.59662341648347e-07,23.9253103466667,0.0311332343954454,-12.7537466344444,0.0300179775927454,0.0110289131111111,3.6085885206134e-07,-13.5316699188889,0.0322777868048492,0.00288809944779128,biotic,biotic
5960,0.73633672602508,323,0.428571428571429,0.556867563542026,1.18074403566667,4.63954729122485e-05,1.41809056355556,0.011841466,4.6534100399596e-07,24.7444598744444,0.0402656696189732,-11.9639406822222,0.0388232720086409,0.0110383106666667,4.59387635880371e-07,-12.69113766,0.0411003641502468,0.00374584534048027,biotic,biotic
