Analysis,diff2_acf1,time_kl_shift,fluctanal_prop_r1,motiftwo_entro3,avg_rR45CO244CO2,avg_R45CO244CO2,avg_rd45CO244CO2,avg_d45CO244CO2,sd_R13C12C,sd_d13C12C,sd_d18O13C,biotic,pred
2962,0.709178032312145,133,0.469387755102041,0.55107658634389,1.18001923222222,0.0118597222222222,26.3243235266667,-10.4406709144444,1.55510032723876e-06,0.139097554681207,0.00983973832132181,biotic,biotic
2963,0.73486654454544,133,0.408163265306122,0.552896784080831,1.178937144,0.0118485856666667,25.3605674277778,-11.3699033355556,1.32602790317273e-07,0.0118441230815232,0.0027731752379434,biotic,biotic
2965,0.724102624375132,133,0.408163265306122,0.55107658634389,1.17691026244444,0.0118314116666667,23.8743522766667,-12.80287928,1.3278397661031e-06,0.11876739443686,0.00300630259428243,biotic,biotic
2966,0.702315074583893,133,0.489795918367347,0.550345812791181,1.17990736622222,0.0118581355555556,26.1870049733333,-10.5730704433333,1.79598736385071e-06,0.160639826271905,0.00784079793026922,biotic,biotic
2970,0.721650577790355,133,0.408163265306122,0.551441394903152,1.17719942155556,0.0118313226666667,23.86666205,-12.8102940277778,1.43225400253508e-06,0.12811261618581,0.00342020771772899,biotic,biotic
2972,0.737090783737752,4038,0.408163265306122,0.553259672181557,1.17888736666667,0.0118511665555556,25.5839049155556,-11.1545662444444,2.67767519397634e-07,0.0239543274529197,0.00204483195814441,biotic,biotic
2973,0.724197533467077,133,0.408163265306122,0.552169857673616,1.176757149,0.0118292284444444,23.6854212188889,-12.98504245,1.3603736721129e-06,0.121664957825384,0.0025653658951975,biotic,biotic
2975,0.772404913324994,991,0.408163265306122,0.555789191880205,1.180776941,0.0118673581111111,26.9851088466667,-9.80355624866667,2.4571437573826e-06,0.219789104624605,0.0100719559629322,biotic,biotic
2976,0.731959114273137,133,0.408163265306122,0.553259672181557,1.17884756877778,0.0118484335555556,25.3474125344444,-11.3825869922222,2.40213504570321e-07,0.0214783319402224,0.00272420248836826,biotic,biotic
2978,0.734035279777119,133,0.408163265306122,0.552533512715665,1.17919271633333,0.0118524203333333,25.6924064266667,-11.0499514788889,1.4532903281124e-07,0.01298386952225,0.00363727473022105,biotic,biotic
2979,0.733570854746336,133,0.408163265306122,0.553259672181557,1.179674327,0.0118577593333333,26.1544403066667,-10.6044685777778,2.0774450119742e-07,0.0185937614462508,0.00294433669607126,biotic,biotic
2981,0.732361115010614,4038,0.408163265306122,0.552896784080831,1.17948387522222,0.0118564454444444,26.0407519466667,-10.7140843922222,3.82419853621952e-07,0.034205544771934,0.00279170049583749,biotic,biotic
2983,0.73184570009205,4038,0.408163265306122,0.553259672181557,1.17860544077778,0.0118489591111111,25.3928859933333,-11.3387424866667,1.98781985546295e-07,0.0177828666015397,0.00320350516018407,biotic,biotic
2984,0.696022853114239,4038,0.489795918367347,0.550345812791181,1.17924927477778,0.0118552973333333,25.9413881244444,-10.8098888011111,1.69883298178491e-06,0.151964786999846,0.00676734659886604,biotic,biotic
2985,0.731773388935371,133,0.408163265306122,0.552896784080831,1.17935007566667,0.011856582,26.0525603133333,-10.7026990244444,2.19498354840451e-07,0.0196381651172787,0.00222133860272196,biotic,biotic
2986,0.727765982158005,4038,0.408163265306122,0.552533512715665,1.17668053955556,0.0118301052222222,23.7613115444444,-12.9118706677778,1.32826745968004e-06,0.118810060883835,0.00440815324877648,biotic,biotic
2989,0.760432715423714,133,0.408163265306122,0.5543460410038,1.18037506188889,0.0118663748888889,26.9000297133333,-9.88558767433333,2.56444905280747e-06,0.229368529547246,0.0113517120764453,biotic,biotic
2990,0.734575361336977,133,0.408163265306122,0.553622177429102,1.17951117788889,0.0118571137777778,26.0985795688889,-10.65832827,2.99550079285522e-07,0.0267949586255287,0.00404298223419873,biotic,biotic
2992,0.731436160055935,133,0.408163265306122,0.553622177429102,1.17877439555556,0.0118494665555556,25.4368069133333,-11.2963949022222,3.98417111134269e-07,0.0356455441024794,0.00313763630518926,biotic,biotic
2993,0.719217294094514,133,0.408163265306122,0.552896784080831,1.17682259888889,0.0118293345555556,23.6945831588889,-12.9762087077778,1.09164452903751e-06,0.0976272427653827,0.00402060592067009,biotic,biotic
2995,0.735594371840811,4038,0.408163265306122,0.552896784080831,1.17912426766667,0.011852938,25.7372019855556,-11.0067605811111,2.65752129708307e-07,0.0237680748809034,0.00429856397302862,biotic,biotic
2996,0.734123150665073,133,0.408163265306122,0.552533512715665,1.17885379933333,0.0118498012222222,25.4657671522222,-11.2684720777778,3.20261394974716e-07,0.0286443555247492,0.00366895909271947,biotic,biotic
2998,0.753710623560141,133,0.346938775510204,0.555428975180965,1.18044714444444,0.0118666922222222,26.9275006711111,-9.85910078188889,2.33218063194074e-06,0.208589592639748,0.0102724238585687,biotic,biotic
3001,0.729727337990705,4038,0.408163265306122,0.553622177429102,1.17686168944444,0.0118304912222222,23.7947064422222,-12.8796720411111,1.27977449185409e-06,0.114463340070984,0.00232315873361206,biotic,biotic
3231,0.735480815023568,133,0.346938775510204,0.555068378071516,1.17996304933333,0.0118602631111111,26.3711176688889,-10.39555303,3.23617830164034e-07,0.0289294142698908,0.0033959946026644,abiotic,abiotic
3232,0.720975844088103,133,0.346938775510204,0.553984300233548,1.17696597933333,0.0118303366666667,23.7813322288889,-12.8925671655556,1.5426615618611e-06,0.137975855847897,0.00217485430465086,abiotic,abiotic
3233,0.734514699075209,133,0.346938775510204,0.553984300233548,1.17993212988889,0.0118602937777778,26.37378562,-10.3929806511111,3.85008116797559e-07,0.034431627992126,0.00301212502037448,abiotic,abiotic
3234,0.722483651362695,133,0.346938775510204,0.553984300233548,1.17671107911111,0.0118278873333333,23.5693496822222,-13.0969560722222,1.85206786082804e-06,0.16565885393825,0.00228004902492512,abiotic,abiotic
3240,0.687891832599888,133,0.489795918367347,0.550426497381958,1.17846621033333,0.0118487942222222,25.3786080255556,-11.35250899,1.79211467266701e-07,0.0160223308560833,0.00349914732681393,abiotic,biotic
3241,0.732502771992135,133,0.346938775510204,0.553984300233548,1.17883282988889,0.011852008,25.6567459244444,-11.0843345444444,2.24610279768698e-07,0.0200922849242074,0.00483578164373843,abiotic,abiotic
3250,0.7277659492201,133,0.346938775510204,0.553984300233548,1.17843632311111,0.0118482067777778,25.3278060788889,-11.4014911088889,2.21610456532141e-07,0.0198129326057364,0.00315568838852839,abiotic,abiotic
3253,0.727613553599399,4038,0.346938775510204,0.554707400147599,1.17978065222222,0.0118602278888889,26.3680629622222,-10.39849831,3.16128314313958e-07,0.0282700871370771,0.00335757739611933,abiotic,abiotic
3255,0.71568661619307,4038,0.346938775510204,0.553984300233548,1.177058279,0.0118273685555556,23.5244714611111,-13.1402266655556,1.73700063167636e-06,0.15534699279014,0.00224541345969162,abiotic,abiotic
3256,0.714445337765199,4038,0.346938775510204,0.5543460410038,1.17709573977778,0.0118273745555556,23.5249837588889,-13.1397327188889,1.9596767448853e-06,0.175286349313956,0.00229237904036168,abiotic,abiotic
3257,0.728058175145081,133,0.346938775510204,0.555068378071516,1.17961898577778,0.0118600406666667,26.3518622522222,-10.41411868,3.07689011467379e-07,0.0275090407019761,0.00282808130223898,abiotic,abiotic
3259,0.727037342236797,4038,0.346938775510204,0.555068378071516,1.17940076422222,0.0118516535555556,25.62605577,-11.1139253188889,3.1366622387488e-07,0.0280566572943777,0.00524086552003365,abiotic,abiotic
3260,0.726425644239322,4038,0.346938775510204,0.555068378071516,1.17836578144444,0.0118485756666667,25.3597142066667,-11.3707259944444,2.98766398899141e-07,0.0267156318556669,0.00332740300262244,abiotic,abiotic
3261,0.708969556591545,133,0.346938775510204,0.553259672181557,1.177286014,0.0118299163333333,23.7449450622222,-12.92765087,1.78207803171242e-06,0.159406286891066,0.00198471423839451,abiotic,abiotic
3263,0.725571054454589,133,0.346938775510204,0.555068378071516,1.17911943144444,0.0118489301111111,25.3903719711111,-11.34116645,2.58608187118066e-07,0.0231266813877475,0.00297186485479248,abiotic,abiotic
3265,0.730148006046672,133,0.346938775510204,0.555428975180965,1.180297011,0.0118606845555556,26.4075964744444,-10.3603809655556,3.23479176729277e-07,0.0289327392296726,0.0027591847356555,abiotic,abiotic
3267,0.727418257337432,133,0.346938775510204,0.555068378071516,1.18017812333333,0.0118601104444444,26.3579048566667,-10.4082925322222,3.88486414748721e-07,0.0347371936220279,0.00333874269692553,abiotic,abiotic
3268,0.709802079757058,133,0.346938775510204,0.553984300233548,1.17717064755556,0.0118297244444444,23.7283532844444,-12.9436482966667,1.76091470864146e-06,0.157510228638388,0.00349679158369547,abiotic,abiotic
3269,0.713697328838022,4038,0.346938775510204,0.553984300233548,1.17690607211111,0.0118270945555556,23.5007568966667,-13.1630917255556,1.84458618514954e-06,0.164978515754864,0.00263202668305171,abiotic,abiotic
3272,0.708127014878273,133,0.387755102040816,0.553259672181557,1.17954077188889,0.0118538674444444,25.8176576833333,-10.9291869711111,1.50456455494606e-06,0.134569180711573,0.00580843608282532,abiotic,abiotic
3274,0.724687714605082,4038,0.346938775510204,0.554707400147599,1.17901672188889,0.0118488913333333,25.3870327877778,-11.3443860177778,3.82507225785095e-07,0.034221782595698,0.00418005926152116,abiotic,abiotic
4922,0.798245059490677,323,0.408163265306122,0.557942525955338,1.17963897611111,0.0118419486666667,24.7862192688889,-11.9236771911111,6.60953688073165e-07,0.0591272040354011,0.00250811014041982,abiotic,abiotic
4924,0.725236705713969,799,0.346938775510204,0.552533512715665,1.18031365188889,0.0118511284444444,25.5805975211111,-11.15775516,2.73493601387701e-07,0.0244671205704407,0.00407273156523469,abiotic,abiotic
4929,0.793663650563155,323,0.408163265306122,0.556508485659345,1.17936389255556,0.0118392631111111,24.5538156744444,-12.1477556244444,4.45961726060829e-07,0.0398871045215347,0.00625956362675919,abiotic,abiotic
4932,0.794589827562086,323,0.408163265306122,0.556508485659345,1.17966622066667,0.0118390073333333,24.5316676633333,-12.16911025,8.76384333497427e-07,0.0784046891305235,0.00406454482683505,abiotic,abiotic
4933,0.731087453785856,323,0.408163265306122,0.552896784080831,1.18102655433333,0.0118519475555556,25.65149083,-11.0894013933333,6.33765926821774e-07,0.0566837321518278,0.00302433566296319,abiotic,abiotic
4935,0.714103169511131,323,0.408163265306122,0.55107658634389,1.17885846977778,0.0118344165555556,24.1343957055556,-12.55215113,1.57609415257412e-06,0.140976978357749,0.00324940351607337,abiotic,abiotic
4936,0.713640316602769,799,0.408163265306122,0.55107658634389,1.17857367311111,0.0118304754444444,23.7933437966667,-12.8809858755556,1.76118168978797e-06,0.157537840918804,0.00372026441070696,abiotic,abiotic
4940,0.801223335441453,323,0.408163265306122,0.557226262620073,1.18018598055556,0.0118445997777778,25.0156369211111,-11.70247774,3.68930887836792e-07,0.0329761353598904,0.0030793409712057,abiotic,abiotic
4941,0.731413313122468,323,0.408163265306122,0.552896784080831,1.18111039122222,0.0118537556666667,25.8079696755556,-10.9385279333333,3.61285244340158e-07,0.0323194635222233,0.00347342168472323,abiotic,abiotic
4942,0.731896970229732,323,0.408163265306122,0.553259672181557,1.18192361044444,0.0118616865555556,26.4943011822222,-10.2767821977778,3.61890867527691e-07,0.0323808540026352,0.00371446902076685,abiotic,abiotic
4946,0.712993259796573,323,0.408163265306122,0.551805818541053,1.17888156644444,0.011830233,23.7723486855556,-12.9012288977778,1.80867180396153e-06,0.161768799804662,0.00338810951287255,abiotic,abiotic
4947,0.797016185541713,133,0.408163265306122,0.556149028572344,1.17978800777778,0.0118388663333333,24.5194753144444,-12.1808658444444,9.75225842789338e-07,0.0872363262845941,0.00393544658121488,abiotic,abiotic
4948,0.722630372836613,323,0.408163265306122,0.552896784080831,1.18226545733333,0.0118580566666667,26.1801688711111,-10.5796616588889,1.38661964062895e-06,0.1240162267179,0.00408582746503726,abiotic,abiotic
4949,0.7228893338931,133,0.408163265306122,0.552533512715665,1.18114938433333,0.0118587756666667,26.2423899733333,-10.5196694422222,1.18181633983919e-06,0.105692959391872,0.00663042861653956,abiotic,abiotic
4950,0.730580854212807,323,0.408163265306122,0.553259672181557,1.18072147777778,0.0118541057777778,25.8382649911111,-10.9093178566667,4.70899523371334e-07,0.0421256759214529,0.00433200676952124,abiotic,abiotic
4951,0.73054122858317,323,0.408163265306122,0.553259672181557,1.18112810966667,0.0118516975555556,25.6298540688889,-11.1102630811111,4.49305606216612e-07,0.0401897027624767,0.00394475609249682,abiotic,abiotic
4952,0.733094504744601,799,0.408163265306122,0.552896784080831,1.18152909077778,0.0118621551111111,26.5348514,-10.2376845722222,2.39305766750044e-07,0.0214100469985518,0.00235047776911822,abiotic,abiotic
4953,0.71414158356222,323,0.408163265306122,0.551805818541053,1.17908610566667,0.0118310998888889,23.8473769111111,-12.8288883355556,1.69777221675918e-06,0.151848820676028,0.00490433789441235,abiotic,abiotic
4954,0.715023234480512,323,0.408163265306122,0.552169857673616,1.17997012911111,0.0118345554444444,24.1464104522222,-12.5405667766667,1.4815686787997e-06,0.132520646348829,0.00366924824694304,abiotic,abiotic
4958,0.720937265058513,799,0.408163265306122,0.552169857673616,1.18197183055556,0.0118596918888889,26.3216937477778,-10.4432064877778,1.1904608118055e-06,0.10647395307272,0.00618227528208098,abiotic,abiotic
4960,0.713406198239192,799,0.408163265306122,0.552169857673616,1.178491189,0.0118310225555556,23.84069174,-12.8353340311111,1.85877135346035e-06,0.16625038295536,0.0034563652733477,abiotic,abiotic
4961,0.712794635835803,323,0.408163265306122,0.551805818541053,1.17916153688889,0.011831174,23.8537781055556,-12.8227164466667,1.50285515307051e-06,0.134414897177503,0.00380010856382725,abiotic,abiotic
4962,0.799141145346459,323,0.408163265306122,0.557226262620073,1.17971238122222,0.0118433733333333,24.9095110233333,-11.8048019955556,9.03863897079591e-07,0.0808400324058303,0.00236011995315557,abiotic,abiotic
4963,0.799276076311234,133,0.408163265306122,0.557584583292035,1.18103053266667,0.0118445764444444,25.0136120877778,-11.70443004,4.25734071927728e-07,0.0380918789426942,0.00290493266826377,abiotic,abiotic
4964,0.714148168447758,799,0.408163265306122,0.552169857673616,1.17965730933333,0.0118306327777778,23.8069289777778,-12.8678873444444,1.50028059412606e-06,0.13418490603881,0.00312591124107473,abiotic,abiotic
4965,0.730662294816579,323,0.408163265306122,0.552533512715665,1.18153236788889,0.0118612943333333,26.4603629277778,-10.3095047144444,4.3672019392016e-07,0.0390706042347851,0.0040793428080396,abiotic,abiotic
4966,0.729537944851621,323,0.408163265306122,0.552533512715665,1.18052460188889,0.011851513,25.6138960966667,-11.1256494077778,4.73182311588249e-07,0.0423340302320061,0.00168711500494116,abiotic,abiotic
4968,0.796287538835899,323,0.408163265306122,0.556508485659345,1.17934500588889,0.0118393315555556,24.5597266944444,-12.14205635,1.01877561317518e-06,0.0911203080136392,0.0029124394264404,abiotic,abiotic
4969,0.796491687028195,323,0.408163265306122,0.556508485659345,1.179356536,0.011839326,24.5592545844444,-12.1425115488889,1.1383148485566e-06,0.101825951736269,0.00332024217499078,abiotic,abiotic
4970,0.793669659881973,323,0.408163265306122,0.556149028572344,1.17935355411111,0.0118390401111111,24.5345250222222,-12.16635525,6.74529650942202e-07,0.0603276913838295,0.0026468574632798,abiotic,abiotic
4973,0.710437171369847,799,0.408163265306122,0.551441394903152,1.17953166711111,0.0118350212222222,24.1867205244444,-12.5017006911111,1.64532808278438e-06,0.147170676617208,0.00280165978273193,abiotic,abiotic
5759,0.792792763456758,323,0.346938775510204,0.554788301400031,1.18003179366667,0.0118321586666667,23.9389954855556,-12.7405517244444,6.31251336632346e-07,0.056443187759648,0.00572058554588929,abiotic,abiotic
5764,0.810040535708663,133,0.387755102040816,0.55830009100628,1.179479072,0.011828419,23.6153889044444,-13.0525660666667,9.83781606862014e-07,0.0879994517955262,0.00364983168475445,abiotic,abiotic
5766,0.805399313209766,133,0.387755102040816,0.55830009100628,1.17863767288889,0.0118289422222222,23.6606575811111,-13.0089190022222,9.32493625238919e-07,0.0834036630102058,0.00147006413440155,abiotic,abiotic
5768,0.791871622473288,323,0.346938775510204,0.552896784080831,1.17887428577778,0.0118299213333333,23.7453795066667,-12.9272319888889,3.69085619395202e-07,0.0330083199752336,0.00361186005812553,abiotic,abiotic
5769,0.79805803603681,133,0.346938775510204,0.553984300233548,1.17903872988889,0.0118313392222222,23.8680854944444,-12.8089215755556,5.05823091604306e-07,0.0452513028607669,0.00432747231520347,abiotic,abiotic
5771,0.788107208107319,323,0.346938775510204,0.553259672181557,1.179824929,0.0118385506666667,24.49215452,-12.2072079533333,7.00238491118871e-07,0.0626279035957109,0.00344108490710519,abiotic,abiotic
5774,0.815073407210903,133,0.387755102040816,0.55830009100628,1.178957821,0.0118299571111111,23.7484908766667,-12.9242320722222,1.29054485694132e-06,0.115408714839308,0.00233011544964488,abiotic,abiotic
5779,0.813560221393764,133,0.387755102040816,0.55830009100628,1.17888282766667,0.0118301261111111,23.7631053255556,-12.9101411422222,1.01747321832075e-06,0.0910054526344168,0.000917480596466313,abiotic,abiotic
5780,0.797052010507505,133,0.346938775510204,0.553622177429102,1.17905532722222,0.0118315905555556,23.88982248,-12.7879632488889,2.25778652666669e-07,0.0201950749735197,0.00233027549141655,abiotic,abiotic
5782,0.817587746062783,133,0.387755102040816,0.558657278840044,1.17865616488889,0.0118272616666667,23.5152184044444,-13.1491482611111,1.81856262685087e-06,0.162657910887454,0.00187107426288796,abiotic,abiotic
5784,0.792556041949981,133,0.346938775510204,0.553259672181557,1.17887155666667,0.0118292505555556,23.6873365411111,-12.9831957377778,5.64421828068234e-07,0.0504904098498813,0.00424922273906262,abiotic,abiotic
5878,0.746694931251676,133,0.428571428571429,0.557942525955338,1.18081013455556,0.0118492602222222,25.4189354433333,-11.3136261811111,6.46360580481477e-07,0.0578180339218245,0.00254129781280808,abiotic,abiotic
5880,0.799789209002866,133,0.428571428571429,0.561147064557622,1.17947767911111,0.0118339087777778,24.0904435611111,-12.5945288211111,3.2477222787655e-07,0.0290420133604844,0.00300597099237147,abiotic,abiotic
5882,0.744816136886723,133,0.428571428571429,0.557226262620073,1.17998541244444,0.0118385328888889,24.49062171,-12.2086858544444,4.47631575939585e-07,0.0400409903097396,0.00627651656635211,biotic,abiotic
5884,0.776625971735554,133,0.428571428571429,0.558657278840044,1.17937091955556,0.0118324461111111,23.9638687,-12.7165695177778,4.73045980851865e-07,0.0423029205227997,0.00327219292234365,biotic,abiotic
5887,0.777548236389526,133,0.428571428571429,0.559370524431188,1.17826794311111,0.011821006,22.97385736,-13.6711166666667,1.3994034542538e-06,0.12517508689368,0.00258692843382712,biotic,biotic
5889,0.769181737538099,133,0.428571428571429,0.559370524431188,1.17892002788889,0.0118263582222222,23.4370397077778,-13.2245264388889,3.94388908453117e-07,0.0352913599137227,0.00223304906541083,biotic,biotic
5892,0.763405325684389,133,0.408163265306122,0.556797493475074,1.178478761,0.0118278446666667,23.5656859511111,-13.1004885611111,6.87932772878262e-07,0.0615322303232614,0.0032075650761161,biotic,abiotic
5893,0.720621420099923,133,0.428571428571429,0.555789191880205,1.17822884411111,0.0118240588888889,23.2380519622222,-13.4163860433333,1.76053139073893e-06,0.157467139144668,0.00350132308211958,biotic,biotic
5894,0.792016694027251,133,0.428571428571429,0.560437573504735,1.17848470933333,0.0118258765555556,23.3953519455556,-13.26472086,2.21001195949505e-06,0.197677263396126,0.00778971819665317,biotic,biotic
5895,0.756016746057503,133,0.428571428571429,0.557942525955338,1.17998289666667,0.0118403471111111,24.6476228888889,-12.0573087744444,2.52276358604991e-07,0.0225628257035323,0.00243599665048355,abiotic,abiotic
5897,0.753172581854289,133,0.428571428571429,0.557584583292035,1.17967297022222,0.0118361825555556,24.2872006644444,-12.40481995,3.75137567359226e-07,0.0335388710876679,0.00322312902610382,biotic,biotic
5898,0.737460378572656,133,0.428571428571429,0.556867563542026,1.18101492966667,0.0118491672222222,25.4108864611111,-11.3213868311111,1.77391124668627e-07,0.0158665934615013,0.00311935389480813,abiotic,abiotic
5900,0.756789938288232,133,0.428571428571429,0.557942525955338,1.179643959,0.0118346803333333,24.1572270022222,-12.5301376955556,1.95641537284684e-07,0.0174949938211458,0.00250691177552761,abiotic,abiotic
5901,0.742662874056824,133,0.428571428571429,0.557226262620073,1.17916892077778,0.0118296647777778,23.7231722077778,-12.9486437766667,2.5406200030701e-07,0.0227296848972633,0.00300918114054177,biotic,biotic
5902,0.747788334888189,133,0.428571428571429,0.557584583292035,1.18115706977778,0.0118493223333333,25.4243068655556,-11.3084471722222,2.96630428498461e-07,0.0265420954739673,0.00233011669155043,abiotic,abiotic
5904,0.796787539345561,133,0.428571428571429,0.560792506272116,1.179370437,0.0118312215555556,23.8579188766667,-12.8187240044444,5.87678270824915e-07,0.052561172121791,0.00216660758064904,abiotic,abiotic
5905,0.774454584748253,133,0.428571428571429,0.557942525955338,1.18008290933333,0.0118386235555556,24.4984605244444,-12.2011278422222,1.44846192371218e-06,0.129567783175347,0.00566476945157708,abiotic,abiotic
5907,0.786878948289647,133,0.428571428571429,0.559370524431188,1.17921398077778,0.011824217,23.2517303355556,-13.4031976533333,1.94919845349617e-06,0.174337778809245,0.00669738469616575,biotic,biotic
5908,0.734586338571455,133,0.428571428571429,0.556867563542026,1.18001008377778,0.0118328245555556,23.9966159233333,-12.6849953633333,4.08576186286088e-07,0.0365275797989754,0.00403036698367196,biotic,biotic
5909,0.769905398846125,133,0.428571428571429,0.558657278840044,1.17935930588889,0.0118261776666667,23.4214193544444,-13.2395872388889,4.09655478556093e-07,0.0366430921472271,0.00223402558982562,biotic,biotic
5911,0.708788278814707,323,0.428571428571429,0.555428975180965,1.17899385455556,0.0118219484444444,23.0554233411111,-13.5924725411111,5.80883379001135e-07,0.0519596967178893,0.00344257158371947,biotic,biotic
5912,0.741446946544499,133,0.428571428571429,0.557584583292035,1.18086873344444,0.011840349,24.6477682511111,-12.0571686177778,2.60207022281516e-07,0.0232771521306944,0.00377515999166874,biotic,abiotic
5914,0.758397871171577,133,0.428571428571429,0.55830009100628,1.18032412822222,0.0118354463333333,24.2235176822222,-12.4662216822222,2.08524645492041e-07,0.0186512061226681,0.00140124283619159,abiotic,abiotic
5917,0.74731519557951,133,0.428571428571429,0.558657278840044,1.17976300977778,0.0118288043333333,23.6487253288889,-13.0204238211111,2.14490023077971e-06,0.191845340951172,0.00841913026205735,biotic,biotic
5918,0.711970783905236,133,0.428571428571429,0.555789191880205,1.17899365022222,0.0118223252222222,23.0880151011111,-13.5610482844444,1.65583792987101e-06,0.148096324442656,0.00358755288254274,biotic,biotic
5919,0.763409948361346,133,0.428571428571429,0.558657278840044,1.18084218388889,0.0118397393333333,24.5950130255556,-12.1080340444444,4.06619430316684e-07,0.0363712022292726,0.00286082974870163,abiotic,abiotic
5920,0.737687491659672,323,0.428571428571429,0.557584583292035,1.18035901933333,0.0118348656666667,24.1732594377778,-12.5146795755556,2.89611281624919e-07,0.0259064558236821,0.00217684040594265,biotic,biotic
5924,0.738612521140769,133,0.428571428571429,0.557584583292035,1.17895596966667,0.0118264157777778,23.4420215622222,-13.2197230422222,6.42239830592989e-07,0.0574340830004563,0.00315824596288544,abiotic,biotic
5925,0.804743591188502,133,0.428571428571429,0.560792506272116,1.17907479344444,0.0118265084444444,23.4500251066667,-13.2120062011111,1.24732905753744e-06,0.111567322974597,0.00213299433958948,abiotic,abiotic
5926,0.753264233707783,133,0.428571428571429,0.557942525955338,1.17853372488889,0.0118206414444444,22.9423084088889,-13.7015354677778,1.79256890461105e-06,0.160330521746687,0.00303504591133208,biotic,biotic
5927,0.764956258483099,133,0.428571428571429,0.559726582973377,1.18050263144444,0.0118402074444444,24.6355352177778,-12.0689634388889,1.31912064564887e-06,0.117977723311553,0.00601195230459297,abiotic,abiotic
5928,0.786292460298526,133,0.428571428571429,0.560082265868008,1.17893930455556,0.0118239117777778,23.2253254844444,-13.4286566344444,1.24763751190432e-06,0.111587618477177,0.00242211215369214,abiotic,biotic
5929,0.741057416315839,133,0.428571428571429,0.557584583292035,1.17941363433333,0.0118286313333333,23.6337371766667,-13.0348750655556,3.34080828542952e-07,0.0298838365391635,0.00330226422771761,biotic,biotic
5930,0.750145993951696,133,0.428571428571429,0.558657278840044,1.18067454588889,0.011840433,24.6550442033333,-12.0501533033333,2.29844935651219e-07,0.0205541134165039,0.00192485437290574,abiotic,abiotic
5931,0.795522640976985,133,0.428571428571429,0.560437573504735,1.179839764,0.0118323913333333,23.9591172488889,-12.72115076,5.84871353375997e-07,0.0523319055434876,0.00133676493019788,abiotic,abiotic
5934,0.77155120770564,133,0.428571428571429,0.560082265868008,1.18035218122222,0.0118375825555556,24.4083635,-12.2879974111111,1.19126823175998e-06,0.106549465243453,0.00478886601835543,abiotic,abiotic
5935,0.73404807353447,133,0.428571428571429,0.55830009100628,1.18023898088889,0.0118363892222222,24.3051183188889,-12.3875441455556,4.33178978919269e-07,0.0387557890494697,0.0026445960371669,biotic,biotic
5938,0.735834171605572,323,0.428571428571429,0.557942525955338,1.17987443844444,0.0118334278888889,24.04884278,-12.6346393788889,2.74600062717616e-07,0.0245554894342338,0.00321266820606013,biotic,biotic
5939,0.740521842916884,133,0.428571428571429,0.55830009100628,1.18066819922222,0.0118410731111111,24.7104235533333,-11.9967577533333,3.73698444976305e-07,0.0334328258818921,0.00309158326116992,biotic,abiotic
5941,0.761500572790754,133,0.428571428571429,0.559370524431188,1.18054389433333,0.0118403642222222,24.6490929177778,-12.0558914,2.14908184529305e-07,0.0192290014122003,0.00278401015418508,abiotic,abiotic
5944,0.73189896057761,323,0.428571428571429,0.556867563542026,1.180432054,0.0118390018888889,24.5311940322222,-12.1695669144444,3.15938197191016e-07,0.0282607422236327,0.00223849198702096,biotic,biotic
5945,0.751130190856767,323,0.428571428571429,0.558657278840044,1.18053812766667,0.0118401782222222,24.6330100655556,-12.0713981322222,2.08260053779031e-07,0.0186210992070871,0.00220192729314385,abiotic,abiotic
5946,0.770268929890127,133,0.428571428571429,0.559370524431188,1.18025185288889,0.011837375,24.3904106111111,-12.3053071933333,3.9872891793829e-07,0.0356591135770881,0.00283131213821541,abiotic,abiotic
5948,0.74528606569978,323,0.428571428571429,0.557942525955338,1.18052301011111,0.0118401274444444,24.6286119411111,-12.0756387111111,1.00809202346671e-06,0.0901718073214318,0.00503579464772156,biotic,abiotic
5949,0.74162888454968,133,0.428571428571429,0.557942525955338,1.18093730155556,0.0118441768888889,24.9790533777778,-11.7377507877778,4.65438264196171e-07,0.0416457308816307,0.00523683324803212,abiotic,abiotic
5950,0.751080661297401,133,0.428571428571429,0.557942525955338,1.18104906744444,0.0118451973333333,25.0673554722222,-11.6526118488889,9.06497717101867e-07,0.0810784400767124,0.00460339136000036,abiotic,abiotic
5951,0.745716854600823,323,0.428571428571429,0.557942525955338,1.18007321133333,0.0118357643333333,24.2510175833333,-12.4397068811111,3.38342282312268e-07,0.0302770537666869,0.00261958074211031,abiotic,biotic
5952,0.793326105990247,133,0.428571428571429,0.560437573504735,1.17983425777778,0.0118332493333333,24.0333871811111,-12.6495413266667,4.6410544180262e-07,0.0415199468051828,0.00290986367124302,abiotic,abiotic
5955,0.762924482959288,133,0.428571428571429,0.557942525955338,1.17907544488889,0.0118259487777778,23.4016028111111,-13.2586939166667,3.82537616160476e-07,0.0342281330496207,0.00129775685421677,biotic,biotic
5957,0.768869870233578,133,0.428571428571429,0.559014089850694,1.18039165144444,0.0118384536666667,24.4837557088889,-12.2153059033333,1.52177913969161e-06,0.136131190881101,0.00689812947377434,abiotic,abiotic
5958,0.811426175823149,133,0.428571428571429,0.56150124874764,1.17957687111111,0.0118305592222222,23.8005937544444,-12.8739956255556,1.79708656194136e-06,0.160731731774242,0.00446406614979653,abiotic,abiotic
5959,0.737797069003226,133,0.428571428571429,0.557584583292035,1.17971639644444,0.0118320003333333,23.9253103466667,-12.7537466344444,3.6085885206134e-07,0.0322777868048492,0.00288809944779128,biotic,biotic
5960,0.73633672602508,323,0.428571428571429,0.556867563542026,1.18074403566667,0.011841466,24.7444598744444,-11.9639406822222,4.59387635880371e-07,0.0411003641502468,0.00374584534048027,biotic,biotic
